Test Donor,Learning Rate,Batch Size,Number of Neurons,Average of Accuracy,Average of Average Precison,Average of AUC
1,0.1,64,128,0.6218146602653265,0.6396855504133978,0.6352674919715803
2,0.1,64,128,0.46401545744155787,0.48514430812025505,0.6309307888457399
3,0.1,64,128,0.5655415245808468,0.5619474960603477,0.5677502876869965
5,0.1,64,128,0.45552223082215343,0.418176864200471,0.5262051282051282
6,0.1,64,128,0.4612501589117721,0.544263884997172,0.5662391304347826
1,1e-05,8,256,0.5660374227875742,0.6114033345638372,0.5658913043478261
2,1e-05,8,256,0.6921013371023466,0.38771537219006597,0.49920886075949367
3,1e-05,8,256,0.545312055981813,0.5703433205025705,0.588939250811535
5,1e-05,8,256,0.6319777691778465,0.40877515479876164,0.5
6,1e-05,8,256,0.44224431095855576,0.482997234935164,0.499
1,0.0001,16,64,0.5826516485694202,0.6619300995852371,0.6568313116690794
2,0.0001,16,64,0.594065673561568,0.44597653699347944,0.5865733136021173
3,0.0001,16,64,0.5579026356919579,0.5235889102017619,0.5
5,0.0001,16,64,0.6267694358445133,0.533604202983376,0.6403045876537256
6,0.0001,16,64,0.3310378527841342,0.4949156178489702,0.5081521739130435
1,0.001,4,128,0.6782768074811922,0.6360794502037332,0.6038604802076574
2,0.001,4,128,0.6088683986180284,0.5169399514284827,0.6948382230745404
3,0.001,4,128,0.5198591574310885,0.5390334267494581,0.5334328358208955
5,0.001,4,128,0.5382277691778465,0.4202480568966637,0.5312601428107757
6,0.001,4,128,0.2126168001525553,0.482997234935164,0.5
1,0.1,16,128,0.5751146501697553,0.6929115793010675,0.685365572458526
2,0.1,16,128,0.5766042610789548,0.38771537219006597,0.49920886075949367
3,0.1,16,128,0.48915263569195794,0.5380119871248388,0.5410256410256411
5,0.1,16,128,0.40552223082215344,0.41214053941414625,0.5092564102564103
6,0.1,16,128,0.40420083269768625,0.5049175475118495,0.5434776119402985
1,0.1,128,1024,0.5821192941326034,0.6142552272625297,0.5460434782608696
2,0.1,128,1024,0.6540578588414772,0.4108676314885393,0.5416277446011549
3,0.1,128,1024,0.3812722009093492,0.5346696353133574,0.5334615384615384
5,0.1,128,1024,0.6662248452012385,0.4238214510950579,0.5366666666666666
6,0.1,128,1024,0.5763594902110348,0.587547625940261,0.6528894569931994
1,1e-05,16,256,0.5719775448318152,0.6128856581904483,0.6034098737083812
2,1e-05,16,256,0.6472031528095602,0.4852101953486101,0.6281746830112759
3,1e-05,16,256,0.5530415245808469,0.5487911066324065,0.5550920598388953
5,1e-05,16,256,0.6319777691778465,0.40877515479876164,0.49920886075949367
6,1e-05,16,256,0.39731518560894985,0.5509392090609369,0.5917869515299755
1,0.1,8,64,0.4960264578752936,0.5873328615529787,0.5467419175027871
2,0.1,8,64,0.6420347811130555,0.48019937314271466,0.6240484363923013
3,0.1,8,64,0.38263089656152316,0.5467355186939721,0.5493283582089552
5,0.1,8,64,0.620703259373925,0.4990346613350062,0.6260250884173298
6,0.1,8,64,0.5524782290872108,0.5287885788886932,0.5593311036789297
1,0.0001,128,512,0.41271139939576135,0.6141744380155141,0.5695217391304348
2,0.0001,128,512,0.6351009931050986,0.48521753627654474,0.6320731320185706
3,0.0001,128,512,0.45696664535379367,0.5547757788886305,0.5523230724971231
5,0.0001,128,512,0.446453603371173,0.46233554523059417,0.5681614420062696
6,0.0001,128,512,0.4529621154335113,0.5605079156919144,0.6067697965024377
1,0.1,4,64,0.573347364308042,0.6116821808179158,0.5605869565217392
2,0.1,4,64,0.46788636125693606,0.40550947682969124,0.5380597014925373
3,0.1,4,64,0.4016526356919579,0.5235889102017619,0.5
5,0.1,4,64,0.4066918214654283,0.43859505160433926,0.5611334867663982
6,0.1,4,64,0.6318276442918891,0.52380043716078,0.5802770868372134
1,1e-05,64,256,0.6164013307458758,0.6323688449937228,0.6305137023910548
2,1e-05,64,256,0.7628310973512212,0.5525799118246627,0.6888557739447778
3,1e-05,64,256,0.5334461139528275,0.5437300523172712,0.5427611940298508
5,1e-05,64,256,0.5656830495356038,0.5309598386843191,0.590304347826087
6,1e-05,64,256,0.33965484363081616,0.5083603395129321,0.557227324913892
1,0.0001,32,64,0.6567601535274674,0.5947927552388741,0.5560626216742375
2,0.0001,32,64,0.427751604074124,0.42072651813224643,0.5636147871116226
3,0.0001,32,64,0.5579026356919579,0.5235889102017619,0.5
5,0.0001,32,64,0.5028723770209838,0.4563130335866404,0.5934752589182969
6,0.0001,32,64,0.3812388761759471,0.492334279469577,0.5262820512820513
1,0.01,8,64,0.5602848166345105,0.581715182337552,0.5470149253731343
2,0.01,8,64,0.7542816440077175,0.48371904274270683,0.6207609358074513
3,0.01,8,64,0.47641108979823815,0.5235889102017619,0.5
5,0.01,8,64,0.34933888028895765,0.4231982317218385,0.5384615384615384
6,0.01,8,64,0.40936387617594716,0.49934812542398543,0.5346410256410257
1,0.0001,128,128,0.6594775448318153,0.5791460525701383,0.5387313432835821
2,0.0001,128,128,0.5735991459894407,0.4356288237173064,0.5957374448242103
3,0.0001,128,128,0.5006260656436488,0.5602532180895876,0.5886413874242138
5,0.0001,128,128,0.5382277691778465,0.4239193855679924,0.5403846153846154
6,0.0001,128,128,0.5984943109585558,0.482997234935164,0.499
1,0.001,8,64,0.659690673561568,0.6311678800047861,0.5802311912225706
2,0.001,8,64,0.7458275377275243,0.5232236937748858,0.6850047047114335
3,0.001,8,64,0.5361635052571754,0.546596402385114,0.5477611940298508
5,0.001,8,64,0.4757277691778466,0.40877515479876164,0.5
6,0.001,8,64,0.31316027841342486,0.5069505054062338,0.5484328358208955
1,0.01,64,256,0.5187603760039485,0.6315341615139807,0.6114765886287625
2,0.01,64,256,0.538454218453209,0.4363037224861961,0.5646477322328479
3,0.01,64,256,0.4954026356919579,0.5399273879005337,0.5424358974358974
5,0.01,64,256,0.7131611197110423,0.40877515479876164,0.49920886075949367
6,0.01,64,256,0.7651609776252224,0.5153498306598527,0.5560270425776754
1,0.01,16,256,0.6820430164819551,0.6346948191760677,0.6085311486048022
2,0.01,16,256,0.4413385605958631,0.42579627802841774,0.572583536574893
3,0.01,16,256,0.5579026356919579,0.5235889102017619,0.5
5,0.01,16,256,0.7025402046783626,0.5238315032978694,0.6802677767184391
6,0.01,16,256,0.326747234935164,0.482997234935164,0.5
1,0.01,4,256,0.5616514578752936,0.5602848166345105,0.5
2,0.01,4,256,0.5886957643469286,0.42001072834905845,0.5592994821634062
3,0.01,4,256,0.707902635691958,0.5453902570031086,0.5464614499424626
5,0.01,4,256,0.4994001547987616,0.4538522149934689,0.5885972677111917
6,0.01,4,256,0.482997234935164,0.482997234935164,0.5
1,0.1,4,256,0.6434115646640044,0.613096563051315,0.6012284231018818
2,0.1,4,256,0.610917986569151,0.38771537219006597,0.49920886075949367
3,0.1,4,256,0.7009581912475136,0.5447920126548642,0.5484033371691599
5,0.1,4,256,0.5039140436876506,0.4239193855679924,0.5347435897435897
6,0.1,4,256,0.326747234935164,0.482997234935164,0.5
1,0.1,128,32,0.6872712137868116,0.6416628868121468,0.6221401687216094
2,0.1,128,32,0.7117465712448213,0.4813750752272018,0.6114964422062193
3,0.1,128,32,0.4797776356919579,0.5386352064980582,0.5416666666666666
5,0.1,128,32,0.4330807103543172,0.4466539426775495,0.5539413118527042
6,0.1,128,32,0.482997234935164,0.482997234935164,0.5
1,0.01,4,64,0.5689613993957614,0.614020486938184,0.5679565217391305
2,0.01,4,64,0.5664735421247065,0.41386321424699896,0.5572856731875719
3,0.01,4,64,0.3771961139528275,0.5442573073464732,0.544179104477612
5,0.01,4,64,0.49065832473340215,0.44073914387481966,0.5869397480156974
6,0.01,4,64,0.35800518052377317,0.4949524311932096,0.5137627913941996
1,0.001,16,32,0.5993105566025037,0.7052404038417854,0.6936550937817805
2,0.001,16,32,0.587035229805118,0.4838078021553482,0.6189287286736379
3,0.001,16,32,0.6974486714975846,0.60513799140113,0.5876614519265109
5,0.001,16,32,0.5226027691778465,0.41959246249106935,0.5288461538461539
6,0.001,16,32,0.5266193109585559,0.4933666436855796,0.5280836120401338
1,0.001,4,64,0.7094599710593619,0.6233726019738846,0.5946930564568462
2,0.001,4,64,0.8037714437414936,0.5258013405172257,0.6449495025214665
3,0.001,4,64,0.4016526356919579,0.5235889102017619,0.5
5,0.001,4,64,0.48197776917784657,0.40916584046926285,0.5011287625418059
6,0.001,4,64,0.417372234935164,0.5015107274909952,0.5511538461538461
1,0.01,128,256,0.6657386686558682,0.6398039493962615,0.6146012329656068
2,0.01,128,256,0.73183395402402,0.4738400521158182,0.6153186242699547
3,0.01,128,256,0.6551248579141802,0.537027911868919,0.5409594361334868
5,0.01,128,256,0.6296235380116959,0.5433103668681076,0.6436362872936374
6,0.01,128,256,0.5203693109585558,0.501879354245245,0.5432775919732441
1,0.1,64,512,0.44615438185190176,0.5602848166345105,0.5
2,0.1,64,512,0.4693483495610296,0.4570200331620974,0.6078715120051914
3,0.1,64,512,0.7467915245808467,0.5235889102017619,0.49841772151898733
5,0.1,64,512,0.45013114895080836,0.4774761683910355,0.6035624303232999
6,0.1,64,512,0.5359943109585558,0.4940779600467595,0.5334615384615384
1,0.001,4,512,0.5674994110916678,0.6143585403226393,0.5656739130434782
2,0.001,4,512,0.7264150625925427,0.39168816649466803,0.5027173913043479
3,0.001,4,512,0.5688023941460643,0.5394190404867916,0.5308506518042698
5,0.001,4,512,0.5912248452012383,0.40877515479876164,0.5
6,0.001,4,512,0.5721467391304348,0.5600314964575234,0.6099406229720961
1,0.1,16,512,0.4865955583224899,0.6494484405100739,0.6170826300136645
2,0.1,16,512,0.7184973302822273,0.507491161067738,0.6735475056663826
3,0.1,16,512,0.6405415245808468,0.5322160469538986,0.5219855566374554
5,0.1,16,512,0.5162248452012383,0.4224832585636836,0.5381613924050633
6,0.1,16,512,0.38829614797864226,0.5132901160929215,0.5756831228473019
1,1e-05,64,64,0.6874777990906507,0.6164960114049802,0.5681086956521739
2,1e-05,64,64,0.4444182707407906,0.4189022408769347,0.5529703682393555
3,1e-05,64,64,0.6811665245808469,0.544732279008793,0.5521998834498835
5,1e-05,64,64,0.7485971362229102,0.5660257643460536,0.6910205488839629
6,1e-05,64,64,0.40420083269768625,0.5021766999290352,0.5387014925373135
1,0.1,8,1024,0.6649123274405109,0.589992812204675,0.5477044127190136
2,0.1,8,1024,0.648268796458324,0.47614367070326136,0.6110678625679518
3,0.1,8,1024,0.6936665245808469,0.5367427786909962,0.538439629990263
5,0.1,8,1024,0.6739916580667356,0.49236869265580996,0.6043645484949832
6,0.1,8,1024,0.5984943109585558,0.482997234935164,0.498
1,0.001,32,32,0.662194936136163,0.5842380871055801,0.550223880597015
2,0.001,32,32,0.5673716740700857,0.5402121204764587,0.6796454415261839
3,0.001,32,32,0.5579026356919579,0.5235889102017619,0.5
5,0.001,32,32,0.532891511867905,0.42798432605271153,0.5517116868836096
6,0.001,32,32,0.5984943109585558,0.482997234935164,0.497
1,0.001,8,256,0.5539617172193056,0.6313874921347582,0.575953177257525
2,0.001,8,256,0.6676448153632162,0.4197748972193816,0.5509133679428942
3,0.001,8,256,0.5660850028417164,0.5437300523172712,0.5419700547893445
5,0.001,8,256,0.5801137340901272,0.4354706814942883,0.5395594420856316
6,0.001,8,256,0.5984943109585558,0.482997234935164,0.5
1,0.001,4,1024,0.6728485682984102,0.6911915612149466,0.6491538776066512
2,0.001,4,1024,0.6415019592886736,0.4880616399950035,0.6270760296173985
3,0.001,4,1024,0.5521055342426826,0.5398563233441751,0.5453158655690301
5,0.001,4,1024,0.4595061489508084,0.4761500728924962,0.6014169453734671
6,0.001,4,1024,0.46709811212814645,0.5528888497152893,0.5685217391304348
1,1e-05,4,128,0.6638635097440959,0.6325312914192787,0.6103458792991564
2,1e-05,4,128,0.38771537219006597,0.38771537219006597,0.5
3,1e-05,4,128,0.4016526356919579,0.5235889102017619,0.5
5,1e-05,4,128,0.5444842191262469,0.49135161292505636,0.6198033721919247
6,1e-05,4,128,0.5484943109585558,0.49688597901392506,0.5420512820512821
1,0.1,8,512,0.5865052590448843,0.632884794840896,0.5684782608695652
2,0.1,8,512,0.7931419287776132,0.5543747359722102,0.6981218887104204
3,0.1,8,512,0.45483891020176187,0.5358158009580645,0.5361538461538462
5,0.1,8,512,0.4646779325765394,0.45360081524942203,0.5985709701690715
6,0.1,8,512,0.34565773582507,0.5410397597254004,0.5635217391304348
1,0.01,8,512,0.5992396071700992,0.6981047231408989,0.678755428229941
2,0.01,8,512,0.5565320216568702,0.4535176940601126,0.5669347826086957
3,0.01,8,512,0.4016526356919579,0.5243100640479157,0.5019230769230769
5,0.01,8,512,0.7170826883384933,0.5254580593948059,0.6752407296617249
6,0.01,8,512,0.3266518878718535,0.4842526379354183,0.5016956521739131
1,1e-05,4,64,0.44615438185190176,0.5602848166345105,0.5
2,1e-05,4,64,0.6911459969189812,0.5279413719559405,0.6570090636499932
3,1e-05,4,64,0.4016526356919579,0.5235889102017619,0.5
5,1e-05,4,64,0.7021317079463365,0.5275258987380824,0.6810701065993514
6,1e-05,4,64,0.2126168001525553,0.482997234935164,0.5
1,0.0001,64,1024,0.662814692047681,0.6361478540441527,0.6115412070084361
2,0.0001,64,1024,0.5699155711102137,0.4442788227995905,0.5972979320886934
3,0.0001,64,1024,0.7467915245808467,0.5235889102017619,0.49920886075949367
5,0.0001,64,1024,0.4414140436876505,0.40877515479876164,0.5
6,0.0001,64,1024,0.5453693109585558,0.5009611122740413,0.5457948717948717
1,0.0001,64,32,0.6669940716561225,0.6387345130591207,0.6160609993510707
2,0.0001,64,32,0.7067212201432824,0.44938660689682797,0.5703913043478261
3,0.0001,64,32,0.42363331202046034,0.5475733195122581,0.5541930379746836
5,0.0001,64,32,0.537466675266598,0.4461419447074176,0.5616369390103567
6,0.0001,64,32,0.4843638761759471,0.482997234935164,0.5
1,1e-05,8,64,0.6609395331359089,0.5836131742596335,0.5448069435431537
2,1e-05,8,64,0.6757969892762596,0.41327559144531606,0.5529850746268656
3,1e-05,8,64,0.6167261651037226,0.5967481234538543,0.5762147335423198
5,1e-05,8,64,0.47607499140006876,0.4430360328096396,0.5850513410639993
6,1e-05,8,64,0.3691464848715993,0.4930933887813178,0.5219230769230769
1,0.001,32,512,0.49153481663451043,0.5725117073908128,0.5361538461538462
2,0.001,32,512,0.4624738262963462,0.38771537219006597,0.5
3,0.001,32,512,0.5951610897982382,0.5525041216381597,0.5608457997698504
5,0.001,32,512,0.6481692896456828,0.45834882336510646,0.6065431825558407
6,0.001,32,512,0.3665570175438596,0.5210823868587326,0.5807883658629928
1,0.01,8,128,0.6377384143970326,0.6280168992561934,0.605855613238157
2,0.01,8,128,0.4624738262963462,0.38771537219006597,0.49920886075949367
3,0.01,8,128,0.5937722009093493,0.5529470073017944,0.5602704257767549
5,0.01,8,128,0.6414258685930512,0.4216526313776112,0.5333545150501673
6,0.01,8,128,0.7540498665141113,0.5089924815186458,0.5539772727272727
1,0.1,8,128,0.6757818926579022,0.5722031995483166,0.5081521739130435
2,0.1,8,128,0.3740751334858886,0.46774147353969675,0.5781739811912225
3,0.1,8,128,0.6048833120204604,0.5569771826062069,0.5619246260069045
5,0.1,8,128,0.5490529325765394,0.45466792869153555,0.5858955917500221
6,0.1,8,128,0.3281138761759471,0.482997234935164,0.498
1,0.001,32,128,0.765815694126621,0.681536592390231,0.655869310426198
2,0.001,32,128,0.6194147185952947,0.47815445481860414,0.63056525534701
3,0.001,32,128,0.44377220090934927,0.5235889102017619,0.5
5,0.001,32,128,0.5323249914000687,0.4508347265732637,0.5871740742888713
6,0.001,32,128,0.7735674103737604,0.5661340045131872,0.6240615900335218
1,0.01,16,1024,0.544803631788337,0.618988573106475,0.5945486197773673
2,0.01,16,1024,0.4773173075484961,0.45010396399042246,0.5666144200626959
3,0.01,16,1024,0.35939720090934923,0.5349416778045295,0.5330769230769231
5,0.01,16,1024,0.5235777863777089,0.4395314473064153,0.5626798043728423
6,0.01,16,1024,0.3874888761759471,0.49742031185824087,0.5384615384615384
1,1e-05,16,32,0.5616514578752936,0.5642576109391124,0.5027173913043479
2,1e-05,16,32,0.49678755178654227,0.38771537219006597,0.49920886075949367
3,1e-05,16,32,0.2875222009093492,0.5235889102017619,0.5
5,1e-05,16,32,0.6623032765737874,0.49081059708745856,0.5901482433409302
6,1e-05,16,32,0.4843638761759471,0.482997234935164,0.5
1,1e-05,128,1024,0.44615438185190176,0.5602848166345105,0.5
2,1e-05,128,1024,0.6674636559429263,0.43753620848478286,0.5834759588135272
3,1e-05,128,1024,0.4016526356919579,0.5235889102017619,0.5
5,1e-05,128,1024,0.7131611197110423,0.4091247606975666,0.49969565217391304
6,1e-05,128,1024,0.34273375921688276,0.5404387327013185,0.5663913043478261
1,0.0001,64,256,0.601813136581864,0.6144933413724423,0.5689565217391304
2,0.0001,64,256,0.48837008869146437,0.42060417948843304,0.5530467229072031
3,0.0001,64,256,0.44377220090934927,0.5235889102017619,0.5
5,0.0001,64,256,0.6319111197110423,0.42310577610053673,0.5377435897435897
6,0.0001,64,256,0.452255752606153,0.5795504836126193,0.6172589227774172
1,1e-05,4,512,0.4068634461793871,0.6118768309759961,0.5690434782608695
2,1e-05,4,512,0.578309290916977,0.4074379747129763,0.5409999055356131
3,1e-05,4,512,0.5905415245808467,0.5235889102017619,0.49683544303797467
5,1e-05,4,512,0.59453259373925,0.5010820459167661,0.6422684581516448
6,1e-05,4,512,0.44224431095855576,0.482997234935164,0.497
1,0.0001,16,256,0.5813525448318153,0.5968097003832675,0.5815692856786303
2,0.0001,16,256,0.38398561941939247,0.40497390219450596,0.5365671641791044
3,0.0001,16,256,0.44377220090934927,0.5235889102017619,0.5
5,0.0001,16,256,0.6808081785345717,0.4554373578161268,0.5767326687026054
6,0.0001,16,256,0.4766193109585558,0.4909299272428562,0.5211538461538462
1,0.001,64,64,0.5616514578752936,0.5722031995483166,0.5081521739130435
2,0.001,64,64,0.5521477393398244,0.4079540995021223,0.5429402040430757
3,0.001,64,64,0.595018115942029,0.6367477443703318,0.6752534748824578
5,0.001,64,64,0.667327786377709,0.4320074780310848,0.550776754890679
6,0.001,64,64,0.36886680015255535,0.482997234935164,0.5
1,1e-05,32,32,0.7784136585602968,0.7112895701575861,0.6954530726495639
2,1e-05,32,32,0.5501931245419602,0.4212645377770467,0.5657005178365938
3,1e-05,32,32,0.4016526356919579,0.5235889102017619,0.5
5,1e-05,32,32,0.6131611197110423,0.4186410454870207,0.5272857838364168
6,1e-05,32,32,0.4347118929570303,0.5585969956018078,0.6117861778066191
1,0.1,128,128,0.6713865799943166,0.6863567980770356,0.6486304518195447
2,0.1,128,128,0.6994112786228144,0.440210334449706,0.5668260869565217
3,0.1,128,128,0.43613331202046035,0.5419027302201274,0.543656501726122
5,0.1,128,128,0.5976640436876506,0.40877515479876164,0.5
6,0.1,128,128,0.26574180015255533,0.4952568503197794,0.5326923076923077
1,0.1,32,64,0.6863204072628288,0.7197225183491702,0.7379448803674563
2,0.1,32,64,0.7264150625925427,0.38771537219006597,0.5
3,0.1,32,64,0.2875222009093492,0.5235889102017619,0.495
5,0.1,32,64,0.47850554695562436,0.4287246497482566,0.5063340740446808
6,0.1,32,64,0.398622234935164,0.4966126195505486,0.5378205128205128
1,0.0001,32,256,0.6543587162172269,0.6818030385908572,0.6482270001362955
2,0.0001,32,256,0.5555516295000076,0.41915782467559876,0.5751439060389253
3,0.0001,32,256,0.5983473643080421,0.5235889102017619,0.49604430379746833
5,0.0001,32,256,0.6486594857241141,0.5304099940835414,0.6031476528709179
6,0.0001,32,256,0.3281138761759471,0.482997234935164,0.5
1,0.01,32,64,0.5303935122866843,0.5821453357840107,0.5466417910447762
2,0.01,32,64,0.6519761146258656,0.49773180953949636,0.6644160767931991
3,0.01,32,64,0.4016526356919579,0.5235889102017619,0.5
5,0.01,32,64,0.6607488390092879,0.5055669149595234,0.6530686054910051
6,0.01,32,64,0.3063668001525553,0.5016270426274716,0.5512820512820513
1,0.001,64,128,0.5631134461793872,0.6068571568543191,0.5628260869565217
2,0.001,64,128,0.5575825219485201,0.4103049278806234,0.5471193085206877
3,0.001,64,128,0.6216281258880363,0.5959915799473461,0.5800352664576802
5,0.001,64,128,0.6618603801169591,0.5477869304337368,0.6554485242994154
6,0.001,64,128,0.7373831998474447,0.4924297315551027,0.5273076923076923
1,0.0001,8,32,0.6772775328666936,0.6965556768406205,0.6557971241651902
2,0.0001,8,32,0.5153333034205292,0.4834410109304106,0.6264148744097456
3,0.0001,8,32,0.499674978687127,0.5576001767130283,0.5793447375409401
5,0.0001,8,32,0.6319777691778465,0.40877515479876164,0.5
6,0.0001,8,32,0.6468638761759471,0.5096880561912026,0.5525028768699655
1,0.01,128,64,0.5925682105412723,0.6081942571697341,0.568058300395257
2,0.01,128,64,0.5602999132528679,0.41071180307909905,0.5464925373134328
3,0.01,128,64,0.4016526356919579,0.5235889102017619,0.5
5,0.01,128,64,0.6786399208806329,0.48852622655993283,0.5982701762555918
6,0.01,128,64,0.41561387617594714,0.5093363822705882,0.5564604236343367
1,0.001,16,128,0.6547887127772543,0.6760473989232043,0.606632053291536
2,0.001,16,128,0.7075554134697357,0.48058742665001813,0.6328681517986692
3,0.001,16,128,0.35860063228189826,0.6050164522050234,0.588264106583072
5,0.001,16,128,0.6005998452012384,0.4093164938626979,0.5014866220735785
6,0.001,16,128,0.3032418001525553,0.4933901936833859,0.5315384615384615
1,0.1,16,64,0.662194936136163,0.5927498664999886,0.5553601557430241
2,0.1,16,64,0.5602999132528679,0.40885262072997514,0.5452238805970149
3,0.1,16,64,0.6290831912475134,0.5703667851046368,0.5889710763919624
5,0.1,16,64,0.6312532249742002,0.508936772271922,0.6521186835545669
6,0.1,16,64,0.42292381769641496,0.546651714252081,0.5972051282051283
1,0.0001,4,32,0.6239178575701829,0.6258677938743631,0.6019838350055742
2,0.0001,4,32,0.7407195525044495,0.5186591172573611,0.6790095342402309
3,0.0001,4,32,0.5505656791702188,0.5818130826898631,0.6114346993456194
5,0.0001,4,32,0.4567735208118335,0.49414725818557087,0.6157704555374787
6,0.0001,4,32,0.2876168001525553,0.49232415801208707,0.5234615384615384
1,0.01,16,64,0.620003860621289,0.6082499773489967,0.5897543802725503
2,0.01,16,64,0.7738362049625342,0.48190456878192317,0.6227823656014597
3,0.01,16,64,0.3812722009093492,0.5376368777036767,0.5415384615384615
5,0.01,16,64,0.4945390436876505,0.4186410454870207,0.5280769230769231
6,0.01,16,64,0.5984943109585558,0.482997234935164,0.497
1,1e-05,64,1024,0.5544614947428247,0.6457173805728362,0.6307110101665585
2,1e-05,64,1024,0.5873068754580397,0.4173809489301108,0.5541211162255466
3,1e-05,64,1024,0.44377220090934927,0.5235889102017619,0.5
5,1e-05,64,1024,0.6551137340901272,0.442319008562477,0.5873808680770706
6,1e-05,64,1024,0.5971054220696669,0.4818270131643836,0.4943181818181818
1,0.001,64,1024,0.6772438809619958,0.6345621750205477,0.616765087605451
2,0.001,64,1024,0.6347635392829901,0.5159051719402729,0.6751190828722149
3,0.001,64,1024,0.5334461139528275,0.5442573073464732,0.544179104477612
5,0.001,64,1024,0.7401219040247677,0.40877515479876164,0.49137931034482757
6,0.001,64,1024,0.3281138761759471,0.482997234935164,0.5
1,0.001,64,512,0.742821160691584,0.705675236905366,0.6863409136679964
2,0.001,64,512,0.42202909768026203,0.38771537219006597,0.5
3,0.001,64,512,0.5447081912475136,0.5497367522586949,0.5565664556962026
5,0.001,64,512,0.699594728242174,0.47956284088092466,0.6023121516164994
6,0.001,64,512,0.44224431095855576,0.482997234935164,0.495
1,1e-05,128,64,0.6131220461105876,0.5929993968151022,0.528724274226523
2,1e-05,128,64,0.5022223343952379,0.42360435396795276,0.5825797365302372
3,1e-05,128,64,0.29023959221369705,0.5246028621809962,0.5018656716417911
5,1e-05,128,64,0.6662248452012385,0.42368447980424045,0.5393832891246684
6,1e-05,128,64,0.6028802758708365,0.4949156178489702,0.5081521739130435
1,0.001,16,512,0.6645926343458818,0.63807559203558,0.5864028213166144
2,0.001,16,512,0.7609288299606647,0.5335402425198514,0.6897492305407675
3,0.001,16,512,0.564152635691958,0.5520090784996476,0.5557393555811277
5,0.001,16,512,0.6535850963192296,0.4324545548284443,0.5512328295443321
6,0.001,16,512,0.38436387617594714,0.4966991580120871,0.5365384615384615
1,0.001,8,1024,0.662194936136163,0.6389585060751224,0.6254234263465283
2,0.001,8,1024,0.6760101180060125,0.4671293244658603,0.5822809610729733
3,0.001,8,1024,0.7148470801364024,0.548689920302772,0.5481875719217492
5,0.001,8,1024,0.4781787495700035,0.41200599258842296,0.5028409090909091
6,0.001,8,1024,0.2126168001525553,0.482997234935164,0.5
1,0.1,128,512,0.3649043818519017,0.5672705392452331,0.5219230769230769
2,0.1,128,512,0.610917986569151,0.38771537219006597,0.5
3,0.1,128,512,0.3500222009093492,0.535061812299664,0.532051282051282
5,0.1,128,512,0.5138555641554867,0.4364779641421959,0.5581487341772151
6,0.1,128,512,0.3158776697177727,0.5002563783406804,0.5388059701492537
1,0.001,128,32,0.573347364308042,0.6115672552739284,0.5621304347826087
2,0.001,128,32,0.5090424537473266,0.4038695611383726,0.5142045454545454
3,0.001,128,32,0.5579026356919579,0.5235889102017619,0.5
5,0.001,128,32,0.7577087633298933,0.460172518982167,0.5577796101949025
6,0.001,128,32,0.5078693109585558,0.49886261955054856,0.5423076923076924
1,0.0001,4,256,0.549519104934117,0.5890225800965385,0.5510947673016638
2,0.0001,4,256,0.6622100327545206,0.40783613634384636,0.5421641791044776
3,0.0001,4,256,0.2875222009093492,0.5235889102017619,0.5
5,0.0001,4,256,0.43961665806673544,0.4362303285458014,0.5571058688147296
6,0.0001,4,256,0.5811331998474447,0.5098538290452792,0.5596231300345225
1,0.0001,8,512,0.6713800365684031,0.6414876095660964,0.6163017521090202
2,0.0001,8,512,0.5022223343952379,0.42304316276680937,0.5823280104082579
3,0.0001,8,512,0.7424410343847685,0.6061531127491344,0.6123225624949763
5,0.0001,8,512,0.5486444358445133,0.45315778605639284,0.6045183455784722
6,0.0001,8,512,0.2126168001525553,0.482997234935164,0.5
1,0.0001,128,64,0.4641733876998549,0.6192089494885944,0.5873589743589743
2,0.0001,128,64,0.7077747117153497,0.47612482012407714,0.62386511232301
3,0.0001,128,64,0.6240791062801933,0.6048889250350584,0.5827292319749217
5,0.0001,128,64,0.6849748452012383,0.41952920338175753,0.532051282051282
6,0.0001,128,64,0.22511680015255528,0.4858818503197794,0.5076923076923077
1,0.1,64,32,0.7570278731248411,0.7150403771159048,0.6910825485323823
2,0.1,64,32,0.6458178160661672,0.4730198436781471,0.6124212206990127
3,0.1,64,32,0.597438015061097,0.6132734898151025,0.6252963435175221
5,0.1,64,32,0.5594083247334021,0.44521347954590995,0.5723939335435406
6,0.1,64,32,0.36886680015255535,0.482997234935164,0.495
1,0.01,64,32,0.6032751248859574,0.6173988584762571,0.5713478260869566
2,0.01,64,32,0.5755918996126292,0.4075054007000815,0.5412686567164179
3,0.01,64,32,0.47641108979823815,0.5235889102017619,0.49920886075949367
5,0.01,64,32,0.5627590729274166,0.42466633201716997,0.5099565217391304
6,0.01,64,32,0.4843638761759471,0.482997234935164,0.5
1,0.1,32,512,0.5689613993957614,0.6129981685512162,0.5669130434782609
2,0.1,32,512,0.43191827074079064,0.41281638229107603,0.5499136939010356
3,0.1,32,512,0.2875222009093492,0.5235889102017619,0.5
5,0.1,32,512,0.6319777691778465,0.40877515479876164,0.5
6,0.1,32,512,0.3251168001525553,0.49628602167900693,0.539449079401611
1,0.001,128,128,0.6703471100492067,0.5798878882330396,0.5432835820895522
2,0.001,128,128,0.6305968726163234,0.5210403984446678,0.6868935508511567
3,0.001,128,128,0.6326610897982381,0.5235889102017619,0.49920886075949367
5,0.001,128,128,0.5684973770209838,0.44455777495638177,0.5657005178365937
6,0.001,128,128,0.379872234935164,0.4959780041659332,0.5346153846153846
1,0.1,4,1024,0.5616514578752936,0.5602848166345105,0.5
2,0.1,4,1024,0.708689856568104,0.541800395032961,0.6550497357765306
3,0.1,4,1024,0.4016526356919579,0.5235889102017619,0.5
5,0.1,4,1024,0.6636179910560716,0.47878998557118085,0.6016638795986622
6,0.1,4,1024,0.482997234935164,0.482997234935164,0.5
1,0.01,32,1024,0.6678363040486981,0.6296660501258997,0.6075953926022064
2,0.01,32,1024,0.49378898012294165,0.4805368465307179,0.6231067488643738
3,0.01,32,1024,0.6759581912475134,0.5414007495252291,0.5477560414269276
5,0.01,32,1024,0.4757277691778466,0.40877515479876164,0.49920886075949367
6,0.01,32,1024,0.5257445016526825,0.5618373348800594,0.6334613387909949
1,0.01,32,256,0.6743199043538086,0.611756339644935,0.5698695652173913
2,0.01,32,256,0.6810251865811161,0.4636000802834404,0.6217699545749513
3,0.01,32,256,0.4016526356919579,0.5235889102017619,0.5
5,0.01,32,256,0.4414140436876505,0.40877515479876164,0.49920886075949367
6,0.01,32,256,0.5986182621408593,0.5781309364103986,0.6378006531168336
1,1e-05,128,512,0.5296048892478425,0.6597934893987288,0.6520200913529249
2,1e-05,128,512,0.41539780290453326,0.4603153503964515,0.5695217391304348
3,1e-05,128,512,0.5401365799943165,0.6005041051074753,0.5798883228840126
5,1e-05,128,512,0.7474748452012383,0.40877515479876164,0.49920886075949367
6,1e-05,128,512,0.38728785278413425,0.5413276923338288,0.5874704737183648
1,1e-05,32,256,0.54909555832249,0.63807559203558,0.586108934169279
2,1e-05,32,256,0.42448007807241894,0.3909462099797273,0.5028409090909091
3,1e-05,32,256,0.6099593279340721,0.6270584738267944,0.6347566438965049
5,1e-05,32,256,0.6464331785345716,0.4552631900693047,0.5891125845636976
6,1e-05,32,256,0.367372234935164,0.4895036451915742,0.5185897435897436
1,0.001,128,512,0.6626239979210602,0.6244716572453548,0.6108883841661259
2,0.001,128,512,0.4955620615904638,0.4750901131230936,0.6240154160549185
3,0.001,128,512,0.44377220090934927,0.5235889102017619,0.5
5,0.001,128,512,0.5912248452012383,0.40877515479876164,0.499
6,0.001,128,512,0.4568641939994915,0.5381145607189658,0.5629130434782609
1,1e-05,128,128,0.7100956181480982,0.5602848166345105,0.5
2,1e-05,128,128,0.6645944571573862,0.4936586563296522,0.6273907781437245
3,1e-05,128,128,0.5198591574310885,0.5408474402062019,0.5340298507462686
5,1e-05,128,128,0.6353220674234605,0.4431890621866668,0.5865347879968134
6,1e-05,128,128,0.462081267480295,0.511228829886827,0.5671362418675852
1,0.1,64,1024,0.6676297187448588,0.5793714028632782,0.5425373134328357
2,0.1,64,1024,0.4895292098532777,0.5102065333292456,0.6349030257598474
3,0.1,64,1024,0.5579026356919579,0.5235889102017619,0.5
5,0.1,64,1024,0.4928846319229446,0.4322340080370266,0.5225728889726597
6,0.1,64,1024,0.5359943109585558,0.4993357126339357,0.5465384615384615
1,0.0001,8,128,0.5385456861997278,0.5792059293824839,0.542089552238806
2,0.0001,8,128,0.44858493740745725,0.41917704776938863,0.5504171461449943
3,0.0001,8,128,0.37502220090934923,0.5407844230222747,0.5474358974358975
5,0.0001,8,128,0.6069111197110424,0.42031361633722314,0.5236960402466732
6,0.0001,8,128,0.5984943109585558,0.482997234935164,0.5
1,0.1,32,128,0.7565707680860293,0.7031016525362177,0.689290374487112
2,0.1,32,128,0.7410349456334784,0.4428326979738677,0.5617958172812327
3,0.1,32,128,0.4974406791702188,0.5563881667996193,0.5817623421354764
5,0.1,32,128,0.6350361197110423,0.4230388106170513,0.5362536231884057
6,0.1,32,128,0.6311331998474446,0.482997234935164,0.49620886075949366
1,0.001,64,256,0.6419177940054741,0.5846069662351518,0.5407332900713823
2,0.001,64,256,0.6308988049834732,0.4788155338452449,0.6176663898376455
3,0.001,64,256,0.5622531258880363,0.6185604419379995,0.627308094204646
5,0.001,64,256,0.6999967750257998,0.48138600014413724,0.617623745819398
6,0.001,64,256,0.6262720887363336,0.5577957837039645,0.5680652173913043
1,0.001,16,256,0.6674736112980661,0.6866711121236826,0.6489757734768979
2,0.001,16,256,0.5385607828180854,0.4068948371839372,0.5389103532968071
3,0.001,16,256,0.5415982878658709,0.5397651649065577,0.5373134328358209
5,0.001,16,256,0.49141404368765046,0.4174022915508984,0.523567835118468
6,0.001,16,256,0.40876080600050857,0.5552926233987607,0.611407469342252
1,0.0001,16,32,0.4549994110916678,0.6213299541931423,0.5927491638795986
2,0.0001,16,32,0.6921013371023466,0.38771537219006597,0.49920886075949367
3,0.0001,16,32,0.5074976911054276,0.5959915799473461,0.5800352664576802
5,0.0001,16,32,0.6131611197110423,0.4188232317218385,0.5282051282051282
6,0.0001,16,32,0.326747234935164,0.482997234935164,0.5
1,0.1,128,256,0.6994412381657468,0.6623497762664827,0.6513495756557584
2,0.1,128,256,0.7844393592677346,0.49006896036320663,0.6350121648809245
3,0.1,128,256,0.4641526356919579,0.5408966025094541,0.5461538461538462
5,0.1,128,256,0.5366625816993464,0.49025603122934697,0.6217129384099666
6,0.1,128,256,0.40420083269768625,0.4984417514828603,0.5334328358208955
1,0.1,8,32,0.5466978601127712,0.5796788334667509,0.5432089552238806
2,0.1,8,32,0.5711233005788128,0.44557051443879864,0.6052783908421071
3,0.1,8,32,0.6870693023586245,0.5443574059702576,0.5496979286536249
5,0.1,8,32,0.5569111197110423,0.40877515479876164,0.5
6,0.1,8,32,0.5550160500889906,0.5005633896687425,0.531440622972096
1,0.1,4,32,0.44615438185190176,0.5602848166345105,0.5
2,0.1,4,32,0.4624738262963462,0.38771537219006597,0.5
3,0.1,4,32,0.44377220090934927,0.5235889102017619,0.5
5,0.1,4,32,0.6534453474372205,0.5777807665925949,0.663905121302985
6,0.1,4,32,0.5577556890414442,0.482997234935164,0.49920886075949367
1,0.0001,32,128,0.6437929529172461,0.6313532570123721,0.6029879948085659
2,0.0001,32,128,0.6696168169785077,0.45969353614115943,0.61806546755391
3,0.0001,32,128,0.525293940039784,0.5409014159957732,0.5371641791044777
5,0.0001,32,128,0.4882890436876505,0.41959246249106935,0.5288461538461539
6,0.0001,32,128,0.5109943109585559,0.4907238832868124,0.5230769230769231
1,0.0001,4,512,0.5548500340258148,0.5811098077132051,0.5457462686567165
2,0.0001,4,512,0.6000484213517596,0.41262776673906015,0.552089552238806
3,0.0001,4,512,0.2875222009093492,0.5235889102017619,0.5
5,0.0001,4,512,0.6202625128998969,0.5658957691721328,0.6963881579060873
6,0.0001,4,512,0.5184671370455123,0.5167719219689711,0.5738021431305014
1,0.0001,32,32,0.6866365482119621,0.7352406105032536,0.7314845031951198
2,0.0001,32,32,0.6921013371023466,0.38771537219006597,0.5
3,0.0001,32,32,0.427799978687127,0.5511578690207206,0.5624966805346552
5,0.0001,32,32,0.4953356123151015,0.43947034196453705,0.5473158307210031
6,0.0001,32,32,0.43209779430460205,0.553125264920711,0.6053132664437012
1,0.001,16,1024,0.6431731970057284,0.5780906218565585,0.5385820895522389
2,0.001,16,1024,0.760957994944736,0.5765206779516046,0.7497693996143813
3,0.001,16,1024,0.6518160343847683,0.6305644918096964,0.6612166832512751
5,0.001,16,1024,0.6339321035431716,0.5718237477363874,0.7090567929499003
6,0.001,16,1024,0.5843861238240529,0.49646518365311265,0.5353188899707887
1,1e-05,16,1024,0.6542652387041774,0.6189075190001685,0.6024633354964308
2,1e-05,16,1024,0.6921013371023466,0.38771537219006597,0.5
3,1e-05,16,1024,0.2875222009093492,0.5235889102017619,0.5
5,1e-05,16,1024,0.33377515479876163,0.4245375174361243,0.5435897435897437
6,1e-05,16,1024,0.4218638761759471,0.4966276923156213,0.537
1,0.01,8,32,0.5660374227875742,0.6109830436267716,0.5663478260869566
2,0.01,8,32,0.620603752561284,0.4381935553586118,0.6042426747161774
3,0.01,8,32,0.4413212205171924,0.5409164743745446,0.5309635530336098
5,0.01,8,32,0.5042612659098726,0.4437126187684836,0.5735095600601929
6,0.01,8,32,0.5047443109585558,0.49814146570439477,0.5403846153846154
1,0.001,8,32,0.3711543818519017,0.5760471792718731,0.5435897435897437
2,0.001,8,32,0.5066767248470707,0.4329367248094508,0.5904048872438727
3,0.001,8,32,0.4104841574310884,0.5531070555908173,0.5692594718714121
5,0.001,8,32,0.5744549793601652,0.46681767958899806,0.5616871216290589
6,0.001,8,32,0.6116522056953979,0.5362194859414053,0.5615869565217391
1,0.1,128,64,0.44615438185190176,0.5602848166345105,0.5
2,0.1,128,64,0.4940479128340886,0.4013087326190424,0.5287014925373135
3,0.1,128,64,0.575263746803069,0.5536754902883418,0.5496260069044879
5,0.1,128,64,0.3837138802889577,0.4226914749650818,0.5382294429708222
6,0.1,128,64,0.4510162407831172,0.5333929252479024,0.5626739130434782
1,0.01,4,32,0.5601894695712,0.6090931618349569,0.5672173913043478
2,0.01,4,32,0.6166146931694112,0.44176585601996154,0.5733986250545613
3,0.01,4,32,0.6495693023586246,0.562873637554671,0.5891038918887019
5,0.01,4,32,0.6093416752665979,0.454877371295715,0.5978655837833053
6,0.01,4,32,0.41148375921688285,0.5568253277466788,0.6066800445930881
1,0.0001,4,128,0.6569508476540884,0.6414856872035934,0.6005314730694354
2,0.0001,4,128,0.5488042356530713,0.4152868948702843,0.55545166858458
3,0.0001,4,128,0.5579026356919579,0.5235889102017619,0.5
5,0.0001,4,128,0.6789258685930513,0.49876332861969325,0.6479785540088236
6,0.0001,4,128,0.36886680015255535,0.482997234935164,0.5
1,0.0001,32,512,0.6121330540225244,0.5967660993957594,0.5507709895052474
2,0.0001,32,512,0.7037972435350952,0.44842434503316225,0.5712523390203632
3,0.0001,32,512,0.7467915245808467,0.5235889102017619,0.5
5,0.0001,32,512,0.5320390436876505,0.42390481680342357,0.542948717948718
6,0.0001,32,512,0.46856010043224006,0.5555972131415495,0.5695217391304348
1,0.001,4,32,0.570423387699855,0.6187073696001419,0.5698913043478261
2,0.001,4,32,0.5432486800975158,0.42072651813224643,0.5630753739930955
3,0.001,4,32,0.5579026356919579,0.5235889102017619,0.5
5,0.001,4,32,0.7348114465084279,0.5012453480042489,0.6325964247450497
6,0.001,4,32,0.25324180015255526,0.4895036451915742,0.5185897435897436
1,0.001,16,64,0.5601894695712,0.6066490803900786,0.5637391304347826
2,0.001,16,64,0.6837218258775668,0.4372987645395294,0.5977132318843068
3,0.001,16,64,0.37016108979823814,0.5372454470306045,0.5396372930866602
5,0.001,16,64,0.55906110251118,0.446737568500953,0.5777434274586173
6,0.001,16,64,0.411122234935164,0.49671466669695064,0.5391025641025641
1,0.0001,4,1024,0.5979723325256876,0.6562847968928138,0.6620879798332752
2,0.0001,4,1024,0.7096451967514694,0.4446797151520709,0.5595349477160154
3,0.0001,4,1024,0.6034944231315715,0.5492078715544189,0.5498777330264671
5,0.0001,4,1024,0.5671450378396973,0.46206113763420614,0.5648695652173913
6,0.0001,4,1024,0.3048174103737605,0.4702935272228751,0.4523695652173913
1,1e-05,64,32,0.6757818926579022,0.5602848166345105,0.5
2,1e-05,64,32,0.6420596461315267,0.5175779755193104,0.6847698444802297
3,1e-05,64,32,0.6191771454958794,0.5936211914069269,0.5765086206896551
5,1e-05,64,32,0.3789140436876505,0.4278145749745454,0.5478639240506329
6,1e-05,64,32,0.49021182939232144,0.4988884121535724,0.5108695652173914
1,0.001,32,64,0.6594775448318153,0.5796049643633108,0.5437313432835821
2,0.001,32,64,0.5521477393398244,0.414618794044007,0.5530148309087474
3,0.001,32,64,0.44377220090934927,0.5235889102017619,0.5
5,0.001,32,64,0.7099748452012384,0.4390015995743867,0.561421173762946
6,0.001,32,64,0.523033466819222,0.5098411503370731,0.556602416570771
1,1e-05,32,512,0.6109450950479354,0.6540957775725196,0.6554384265961164
2,1e-05,32,512,0.5249738262963461,0.40615427670132614,0.5366417910447762
3,1e-05,32,512,0.6888205100880933,0.5723025706223155,0.6014609561513491
5,1e-05,32,512,0.5821970674234607,0.4520116724488948,0.5600074962186959
6,1e-05,32,512,0.4568641939994915,0.6098902887624429,0.5900434782608696
1,0.001,128,256,0.5617468049386041,0.5610806919243128,0.502
2,0.001,128,256,0.49520329489538,0.4293906944280134,0.5939809439568555
3,0.001,128,256,0.36877220090934926,0.5316488649528931,0.5243589743589744
5,0.001,128,256,0.6296450378396974,0.47514007386840734,0.5985427515064279
6,0.001,128,256,0.6058042524790236,0.5348639942246921,0.5636739130434782
1,0.01,32,128,0.6678363040486981,0.6277611838584101,0.603259571706684
2,0.01,32,128,0.6402762821375689,0.5494082905381149,0.71544487383732
3,0.01,32,128,0.6216281258880363,0.596908152671477,0.583708855799373
5,0.01,32,128,0.5152444530443756,0.43347375369090885,0.5540851553509781
6,0.01,32,128,0.36886680015255535,0.482997234935164,0.5
1,0.1,16,1024,0.5616514578752936,0.5602848166345105,0.5
2,0.1,16,1024,0.3890820134308491,0.38771537219006597,0.5
3,0.1,16,1024,0.36877220090934926,0.5366017307145824,0.5371794871794872
5,0.1,16,1024,0.6058812779497764,0.4557029969860917,0.5854722155939822
6,0.1,16,1024,0.7415498665141114,0.509145076992097,0.5555664556962026
1,1e-05,4,32,0.5765891644605974,0.603720618689829,0.5744029850746268
2,1e-05,4,32,0.7324537099355379,0.48696460275781833,0.6171998702141467
3,1e-05,4,32,0.4886091574310884,0.5607280350856727,0.5859831381069336
5,1e-05,4,32,0.4414140436876505,0.40877515479876164,0.49920886075949367
6,1e-05,4,32,0.4062388761759471,0.4931282833222608,0.5303846153846155
1,0.0001,64,64,0.5123093526121356,0.6340090504768208,0.6055406911928651
2,0.0001,64,64,0.6553553267226037,0.48849435758608767,0.6285801595470922
3,0.0001,64,64,0.7467915245808467,0.5235889102017619,0.5
5,0.0001,64,64,0.7474748452012383,0.40877515479876164,0.49020886075949366
6,0.0001,64,64,0.341692887109077,0.5144960514037078,0.565556831228473
1,1e-05,8,32,0.6782768074811922,0.646832007981359,0.6208079169370538
2,1e-05,8,32,0.5329439060139692,0.42960177062492416,0.5641989659851214
3,1e-05,8,32,0.5579026356919579,0.5235889102017619,0.5
5,1e-05,8,32,0.7319562693498451,0.5917037141146502,0.685443029514277
6,1e-05,8,32,0.2126168001525553,0.482997234935164,0.5
1,1e-05,4,1024,0.7757990925203033,0.6856405985780939,0.652446299577484
2,1e-05,4,1024,0.6261140650005235,0.49358458850567477,0.6402312904249832
3,1e-05,4,1024,0.5572081912475135,0.5483160698104446,0.55545166858458
5,1e-05,4,1024,0.5164140436876505,0.42368447980424045,0.5415384615384615
6,1e-05,4,1024,0.5484943109585558,0.49405048496928605,0.5347435897435897
1,0.0001,32,1024,0.45321959924320604,0.57999345013631,0.5608362035973976
2,0.0001,32,1024,0.5766042610789548,0.38771537219006597,0.5
3,0.0001,32,1024,0.7037359690252913,0.5477973200466983,0.5556674338319908
5,0.0001,32,1024,0.4414140436876505,0.40877515479876164,0.5
6,0.0001,32,1024,0.5849073544368166,0.5069505054062338,0.550223880597015
1,0.0001,8,256,0.6594775448318153,0.5838383003251963,0.5479850746268656
2,0.0001,8,256,0.6803736483151613,0.48258161051105897,0.6488387685397464
3,0.0001,8,256,0.5905415245808467,0.5235889102017619,0.49841772151898733
5,0.0001,8,256,0.5382890436876504,0.41785113978938077,0.5275641025641026
6,0.0001,8,256,0.5297443109585558,0.5001927477556768,0.5474358974358975
1,0.01,128,1024,0.5385456861997278,0.5808320038491357,0.5433582089552238
2,0.01,128,1024,0.49678755178654227,0.38771537219006597,0.49920886075949367
3,0.01,128,1024,0.2875222009093492,0.5235889102017619,0.5
5,0.01,128,1024,0.7024993550051599,0.5014837196611456,0.6156280797538294
6,0.01,128,1024,0.4096356153063819,0.5053893887585484,0.5465671641791044
1,0.01,4,1024,0.5748093526121356,0.6194544799231667,0.5706086956521739
2,0.01,4,1024,0.6580727180269514,0.48272508687063176,0.6234126958803459
3,0.01,4,1024,0.5388808965615232,0.5452167216532924,0.5460447761194029
5,0.01,4,1024,0.5943498452012383,0.40949630864491543,0.5011319376825706
6,0.01,4,1024,0.326747234935164,0.482997234935164,0.5
1,0.1,32,256,0.5511282268437505,0.5825230176705976,0.5482835820895522
2,0.1,32,256,0.578309290916977,0.4109145934749459,0.5465671641791044
3,0.1,32,256,0.5579026356919579,0.5235889102017619,0.5
5,0.1,32,256,0.7131611197110423,0.4127479491033637,0.5027173913043479
6,0.1,32,256,0.5328422959572845,0.5790404620544354,0.6671401936804273
1,1e-05,16,64,0.7259709041892881,0.6402685686957443,0.6140032446463335
2,1e-05,16,64,0.6770697790939411,0.45596107739753994,0.6193183955765277
3,1e-05,16,64,0.4954026356919579,0.5403366914348373,0.54
5,1e-05,16,64,0.47017221362229106,0.4385039264727205,0.5389636075949367
6,1e-05,16,64,0.44224431095855576,0.482997234935164,0.5
1,1e-05,32,128,0.5777333292203228,0.6273158047975431,0.571391304347826
2,1e-05,32,128,0.6144604104036733,0.5367348049888757,0.6890945368800065
3,1e-05,32,128,0.5579026356919579,0.5235889102017619,0.5
5,1e-05,32,128,0.6010083419332646,0.45756739675461916,0.5855486033870734
6,1e-05,32,128,0.3544296656496313,0.5555972131415495,0.5695217391304348
1,0.001,64,32,0.3680293818519017,0.5700552880985301,0.5288461538461539
2,0.001,64,32,0.4624738262963462,0.38771537219006597,0.5
3,0.001,64,32,0.5579026356919579,0.5235889102017619,0.5
5,0.001,64,32,0.4841223770209839,0.4510099025778643,0.5989414593844974
6,0.001,64,32,0.6914998093058734,0.6176055597864957,0.6729052419664057
1,1e-05,32,64,0.7311850798671871,0.701560937186852,0.6861433782769402
2,1e-05,32,64,0.5629640223747776,0.4652356194193925,0.5844851146779889
3,1e-05,32,64,0.5050875603864734,0.6230131057172886,0.634623874052617
5,1e-05,32,64,0.5523359563123496,0.44387168647710107,0.5643902911892731
6,1e-05,32,64,0.5008112445969998,0.5047012219800601,0.5518915420023015
1,0.01,32,512,0.6200141431477244,0.6519567500913324,0.6219342160670005
2,0.01,32,512,0.5575825219485201,0.4079132956164125,0.5433582089552239
3,0.01,32,512,0.4016526356919579,0.5235889102017619,0.5
5,0.01,32,512,0.5212751547987615,0.4509908789610802,0.5824684281962763
6,0.01,32,512,0.2126168001525553,0.482997234935164,0.5
1,1e-05,128,256,0.5616514578752936,0.5682304052437146,0.5054347826086957
2,1e-05,128,256,0.7590733013266329,0.5427942543427466,0.6967164807987261
3,1e-05,128,256,0.44377220090934927,0.5235889102017619,0.5
5,1e-05,128,256,0.6443498452012384,0.42644987218028674,0.5335734092544769
6,1e-05,128,256,0.5058042524790236,0.5418239316079002,0.5893138238573021
1,1e-05,16,128,0.6690917070489524,0.5824287445096912,0.5433890330953927
2,1e-05,16,128,0.7154931499678436,0.4550217309723973,0.5675217391304348
3,1e-05,16,128,0.2875222009093492,0.5250312178940695,0.5038461538461538
5,1e-05,16,128,0.45350554695562434,0.4433655540910412,0.5600186996547756
6,1e-05,16,128,0.44224431095855576,0.4831679363628486,0.5007911392405063
1,0.01,64,512,0.44615438185190176,0.5602848166345105,0.5
2,0.01,64,512,0.42202909768026203,0.38771537219006597,0.5
3,0.01,64,512,0.5996225845410629,0.6196583768651897,0.6266634304964207
5,0.01,64,512,0.4757277691778466,0.40877515479876164,0.5
6,0.01,64,512,0.50746726417493,0.5165631295350975,0.5501254180602007
1,0.01,16,512,0.4883144695712,0.624083091869849,0.6117759197324415
2,0.01,16,512,0.5742428321442994,0.4728982575598821,0.6151412418071747
3,0.01,16,512,0.489062055981813,0.5636676752262295,0.5964857249778373
5,0.01,16,512,0.5473350963192294,0.44579780433986543,0.552111997798569
6,0.01,16,512,0.45512411009407583,0.5165878539948906,0.555608695652174
1,0.01,4,512,0.6335590347885913,0.6298503426622584,0.6084010382868268
2,0.01,4,512,0.5654150027669345,0.4649680459868574,0.5868436520376176
3,0.01,4,512,0.39350046177891446,0.5417600437723407,0.5406716417910448
5,0.01,4,512,0.7047847867217063,0.48878110064652064,0.6165993770951118
6,0.01,4,512,0.21533419145690313,0.48401118691439826,0.5018656716417911
1,0.1,4,512,0.5140891644605974,0.5771481574519299,0.5356716417910448
2,0.1,4,512,0.6563461883609278,0.4644597427758799,0.6063770279039584
3,0.1,4,512,0.557369813867576,0.5787557348229935,0.583373473541384
5,0.1,4,512,0.6162861197110423,0.417296615222396,0.5253846153846153
6,0.1,4,512,0.2126168001525553,0.482997234935164,0.5
1,0.01,8,1024,0.492787041399321,0.6219398837511771,0.6064263465282285
2,0.01,8,1024,0.5348310300474117,0.4296283025511753,0.59686513491232
3,0.01,8,1024,0.36632654873543624,0.543737506234524,0.5415671641791044
5,0.01,8,1024,0.3369001547987616,0.42346140940437105,0.5424358974358974
6,0.01,8,1024,0.589466533180778,0.5132236797107891,0.5601625431530495
1,0.1,32,32,0.5749015214400024,0.6092058327036105,0.5956837468177507
2,0.1,32,32,0.5168820388567326,0.40888168649591516,0.551855581127733
3,0.1,32,32,0.6942552926967889,0.5666762775233267,0.5934201904745547
5,0.1,32,32,0.5351640436876506,0.42170326835187516,0.5380769230769231
6,0.1,32,32,0.44224431095855576,0.48769118308591997,0.5026839464882943
1,1e-05,64,128,0.5568038542648179,0.6447166756072755,0.6381956272150952
2,1e-05,64,128,0.5315097740087644,0.4382794378407005,0.6000586323274308
3,1e-05,64,128,0.34064720090934925,0.5358485255863772,0.5326923076923077
5,1e-05,64,128,0.4414140436876505,0.4187499022735091,0.5056818181818181
6,1e-05,64,128,0.5641193109585558,0.5017688910921994,0.5469481605351172
1,0.01,32,32,0.5294877151852351,0.590593888276135,0.5517826086956521
2,0.01,32,32,0.6410143805806074,0.432163034528179,0.5958884590282191
3,0.01,32,32,0.41252220090934927,0.5721739595640903,0.5775373134328359
5,0.01,32,32,0.6319111197110423,0.42163770065615874,0.5350289855072463
6,0.01,32,32,0.6593861238240528,0.5159173451280015,0.5508486766398158
1,0.0001,8,64,0.7605005627346286,0.65299303964123,0.6185669470217402
2,0.0001,8,64,0.48820556826849737,0.46548686540273565,0.5802801724137931
3,0.0001,8,64,0.6216281258880363,0.5970762811364136,0.5852272727272727
5,0.0001,8,64,0.7037248452012383,0.4292223994709125,0.5544871794871795
6,0.0001,8,64,0.5772772056953979,0.5425514983949273,0.5871911928651059
1,0.01,128,512,0.5197980698763105,0.6245961684234653,0.6029659395331037
2,0.01,128,512,0.732263015808917,0.4386643559025441,0.5656086956521739
3,0.01,128,512,0.5905415245808467,0.5235889102017619,0.5
5,0.01,128,512,0.7062983746130032,0.4858510902269697,0.6068340567478498
6,0.01,128,512,0.5984943109585558,0.48697002923976607,0.5027173913043479
1,0.001,128,1024,0.615319936136163,0.6019068734724351,0.5984500574052813
2,0.001,128,1024,0.7219144942492635,0.5111573301998681,0.6873141879586631
3,0.001,128,1024,0.48602763569195795,0.5399398006905833,0.5406410256410257
5,0.001,128,1024,0.4414140436876505,0.40877515479876164,0.49841772151898733
6,0.001,128,1024,0.5561840516145437,0.5457452011978614,0.6046748896398042
1,1e-05,32,1024,0.6791190398737681,0.6328019809283654,0.606935107073329
2,1e-05,32,1024,0.6921013371023466,0.38771537219006597,0.499
3,1e-05,32,1024,0.48915263569195794,0.5332959730338247,0.5296153846153846
5,1e-05,32,1024,0.5643307103543171,0.4380917350801789,0.5615290563866513
6,1e-05,32,1024,0.6020380434782608,0.5615298017389747,0.6146414665801427
1,0.1,64,256,0.5674994110916678,0.6153683635362253,0.5713478260869564
2,0.1,64,256,0.594613638743064,0.40885262072997514,0.5444327413565085
3,0.1,64,256,0.5389110897982381,0.5324030127658644,0.5256410256410257
5,0.1,64,256,0.5788409442724458,0.4736111578498676,0.5650349477160155
6,0.1,64,256,0.5795695080091533,0.5861707869813693,0.6642198727680455
1,1e-05,8,128,0.5730578177113713,0.6454630176901133,0.627351516588538
2,1e-05,8,128,0.7265784612853532,0.4756230717256725,0.6248065552954248
3,1e-05,8,128,0.44377220090934927,0.5235889102017619,0.5
5,1e-05,8,128,0.2525251547987616,0.40877515479876164,0.5
6,1e-05,8,128,0.37233902237477756,0.5140299824307598,0.5623561565017261
1,0.001,4,256,0.4904343526121356,0.6265155086974723,0.5965451505016722
2,0.001,4,256,0.5548047441707423,0.418520512847047,0.5581515037012864
3,0.001,4,256,0.7046417661267406,0.5418258759394023,0.5371193085206877
5,0.001,4,256,0.7357714138286894,0.48495273138421835,0.6137584398360261
6,0.001,4,256,0.3281138761759471,0.482997234935164,0.499
1,0.1,16,256,0.6363201268302898,0.6779528301605504,0.6907132315013561
2,0.1,16,256,0.6663101434318961,0.4848400928285061,0.6158640778143725
3,0.1,16,256,0.369043940039784,0.5395746108159505,0.5332089552238806
5,0.1,16,256,0.6111444358445133,0.46965050131623176,0.5818475152084929
6,0.1,16,256,0.482997234935164,0.482997234935164,0.5
1,0.01,128,32,0.6722222689609787,0.6364523697041093,0.6147644386761844
2,0.01,128,32,0.5692290722543785,0.4146287366034304,0.5578970080552359
3,0.01,128,32,0.2875222009093492,0.5235889102017619,0.5
5,0.01,128,32,0.6001429738562092,0.4704392703791176,0.5756779656776905
6,0.01,128,32,0.39998887617594714,0.49646518365311265,0.5376923076923077
1,0.1,16,32,0.5645754344834806,0.6096445780507065,0.565608695652174
2,0.1,16,32,0.6874928957090083,0.46670741725846326,0.614810837118754
3,0.1,16,32,0.44377220090934927,0.5235889102017619,0.5
5,0.1,16,32,0.5726027691778466,0.4226914749650818,0.5403846153846154
6,0.1,16,32,0.28136680015255533,0.49886261955054856,0.5367948717948718
1,0.01,16,32,0.4904343526121356,0.6287514135062822,0.5964849498327759
2,0.01,16,32,0.774739197738592,0.5292127480452891,0.6755706163200625
3,0.01,16,32,0.44377220090934927,0.5235889102017619,0.5
5,0.01,16,32,0.5787861197110422,0.44793607768813276,0.5905784352778024
6,0.01,16,32,0.22620375667429443,0.4880669948313353,0.5093283582089552
1,0.0001,4,64,0.6776121823634107,0.6743992370108676,0.658948907500117
2,0.0001,4,64,0.5710487055233993,0.43286677097049703,0.5598388952819333
3,0.0001,4,64,0.5579026356919579,0.5235889102017619,0.5
5,0.0001,4,64,0.6475361197110423,0.42255803032648837,0.5382341137123745
6,0.0001,4,64,0.4124888761759471,0.49202043395836303,0.5266923076923077
1,1e-05,8,512,0.7006515850047113,0.6202272524642556,0.5831083711875406
2,1e-05,8,512,0.42202909768026203,0.38771537219006597,0.5
3,1e-05,8,512,0.4016526356919579,0.5286369871248389,0.506025641025641
5,1e-05,8,512,0.5396166580667354,0.4505679018351528,0.591951218612611
6,1e-05,8,512,0.44224431095855576,0.482997234935164,0.5
1,0.01,128,128,0.6007660014806838,0.6522397415828689,0.6404172116008586
2,0.01,128,128,0.4721676313546013,0.4818033850674587,0.6226190169840453
3,0.01,128,128,0.5579026356919579,0.5235889102017619,0.5
5,0.01,128,128,0.63297106123151,0.4734982620373151,0.6020836120401338
6,0.01,128,128,0.4843638761759471,0.48214551527260724,0.4967910447761194
1,1e-05,128,32,0.5777333292203228,0.6260052073549012,0.5759565217391305
2,1e-05,128,32,0.7474615246556288,0.4718233439276198,0.6065097193193589
3,1e-05,128,32,0.2875222009093492,0.5235889102017619,0.5
5,1e-05,128,32,0.6676137340901274,0.45709077675662496,0.5954077041102357
6,1e-05,128,32,0.4612501589117721,0.544263884997172,0.5649347826086957
1,0.001,32,1024,0.5602848166345105,0.5602848166345105,0.5
2,0.001,32,1024,0.3890820134308491,0.38771537219006597,0.5
3,0.001,32,1024,0.427799978687127,0.5475733195122581,0.5552718642117376
5,0.001,32,1024,0.582529239766082,0.5144088408411513,0.6592291247600065
6,0.001,32,1024,0.4150703979150775,0.5061650619811973,0.5436129136924075
1,1e-05,8,1024,0.5601894695712,0.609159015012904,0.567304347826087
2,1e-05,8,1024,0.5674397256995858,0.40697539003562083,0.5391044776119402
3,1e-05,8,1024,0.2875222009093492,0.5235889102017619,0.5
5,1e-05,8,1024,0.6437618249054007,0.5620281000202592,0.6902288603971892
6,1e-05,8,1024,0.342372234935164,0.48660300416593316,0.5096153846153846
1,0.01,64,128,0.6912281169141952,0.6569362575851152,0.6192949383517197
2,0.01,64,128,0.7491544024169546,0.5035409221062259,0.6231753436375435
3,0.01,64,128,0.6811088022165388,0.6329808567888304,0.6379657553271696
5,0.01,64,128,0.6102306931544548,0.46898581094885006,0.5637305998899285
6,0.01,64,128,0.44224431095855576,0.482997234935164,0.5
1,1e-05,16,512,0.5901172301491153,0.6076207105226101,0.5676304347826087
2,1e-05,16,512,0.6796013371023466,0.42063548238290344,0.5508486766398158
3,1e-05,16,512,0.5579026356919579,0.5235889102017619,0.5
5,1e-05,16,512,0.606655271757826,0.46522592980965394,0.6035685618729097
6,1e-05,16,512,0.326747234935164,0.482997234935164,0.5
1,0.0001,128,256,0.6496409061336206,0.634742717458912,0.6038377676833225
2,0.0001,128,256,0.7286067363635005,0.5136907707585157,0.6704503452688149
3,0.0001,128,256,0.5652999786871271,0.568382899425099,0.595759751851524
5,0.0001,128,256,0.4414140436876505,0.40877515479876164,0.5
6,0.0001,128,256,0.482997234935164,0.482997234935164,0.5
1,0.001,128,64,0.6094775448318153,0.5925016106289649,0.5785572139303482
2,0.001,128,64,0.7901405527886212,0.4586690263790143,0.5810924764890282
3,0.001,128,64,0.5579026356919579,0.5235889102017619,0.5
5,0.001,128,64,0.6747957516339869,0.4992834097812931,0.6409803314462093
6,0.001,128,64,0.6149194317315027,0.5052000321379612,0.554228998849252
1,1e-05,64,512,0.5602848166345105,0.5602848166345105,0.5
2,1e-05,64,512,0.48150977400876444,0.4117368368365306,0.5439082278481012
3,1e-05,64,512,0.46727763569195796,0.5387331409709926,0.5403846153846154
5,1e-05,64,512,0.6443498452012384,0.4250075644879791,0.5346185597561492
6,1e-05,64,512,0.4843638761759471,0.482997234935164,0.499
1,0.1,4,128,0.662194936136163,0.5842380871055801,0.5484328358208955
2,0.1,4,128,0.5651054052437146,0.47856144215388546,0.6233226472206934
3,0.1,4,128,0.3907830704745666,0.5408975424092306,0.53
5,0.1,4,128,0.5190026229790161,0.42702761825422836,0.5496619677790564
6,0.1,4,128,0.30179808670226294,0.521078949150331,0.5614882943143813
1,0.01,16,128,0.6523582974379682,0.6345816074121835,0.6022884490590525
2,0.01,16,128,0.7023259074796966,0.5309202969205157,0.6511609869691162
3,0.01,16,128,0.46782910628019325,0.6018681269432345,0.5846394984326019
5,0.01,16,128,0.6162861197110423,0.4246405394141462,0.5415165530671859
6,0.01,16,128,0.44224431095855576,0.482997234935164,0.5
1,0.01,4,128,0.7705278955594441,0.6999121236932231,0.6863750455165905
2,0.01,4,128,0.666224891939995,0.47803451154366133,0.6194523045904954
3,0.01,4,128,0.5171417661267406,0.5418018053533332,0.5378358208955224
5,0.01,4,128,0.5069777691778465,0.4492218608704677,0.5985739208049334
6,0.01,4,128,0.5999562992626494,0.48697002923976607,0.5017391304347826
1,0.0001,128,32,0.7814404604328383,0.6607519278380233,0.6381081563187199
2,0.0001,128,32,0.6760101180060125,0.4615205192488895,0.5786637931034483
3,0.0001,128,32,0.525293940039784,0.5447089962702751,0.5434328358208955
5,0.0001,128,32,0.599966675266598,0.44764149625578137,0.5898011271428993
6,0.0001,128,32,0.5743127065853039,0.5457908549942303,0.5943693958765506
1,0.1,64,64,0.6431358060005086,0.6759302196421174,0.6474532165735314
2,0.1,64,64,0.6007349202075949,0.48213023941941663,0.6284291164256767
3,0.1,64,64,0.4810004617789145,0.5585083021185995,0.5798917898336943
5,0.1,64,64,0.49766404368765055,0.4217559240295308,0.5346153846153846
6,0.1,64,64,0.3094918001525553,0.4995425646054936,0.5467948717948719
1,0.01,64,64,0.659690673561568,0.6384064428424513,0.5827322815864795
2,0.01,64,64,0.27358493740745726,0.38771537219006597,0.5
3,0.01,64,64,0.5579026356919579,0.5235889102017619,0.5
5,0.01,64,64,0.607952786377709,0.44855345423615195,0.5969260644418872
6,0.01,64,64,0.5984943109585558,0.49094282354436813,0.5054347826086957
1,0.01,64,1024,0.53336189071357,0.6246384531860316,0.6010470473718365
2,0.01,64,1024,0.4869081003873708,0.41071180307909905,0.5483582089552239
3,0.01,64,1024,0.4016526356919579,0.5235889102017619,0.5
5,0.01,64,1024,0.501687736498108,0.5424635483325267,0.6536657389969263
6,0.01,64,1024,0.411122234935164,0.49232578738871646,0.5291025641025641
1,0.001,8,128,0.4977848166345104,0.5710388652175062,0.532051282051282
2,0.001,8,128,0.6921013371023466,0.38771537219006597,0.5
3,0.001,8,128,0.5530415245808469,0.5516012594425594,0.5599091572983979
5,0.001,8,128,0.4354499914000688,0.434242947479669,0.5553078250863062
6,0.001,8,128,0.4839109776252225,0.49332722536206286,0.5272427077600441
1,0.0001,64,512,0.570423387699855,0.6180770553835568,0.5720652173913043
2,0.0001,64,512,0.5557486800975158,0.485008547471869,0.6224728073247611
3,0.0001,64,512,0.6223225703324808,0.6234000991011481,0.6351992480457125
5,0.0001,64,512,0.47121388028895766,0.44481036053505435,0.5863835531557051
6,0.0001,64,512,0.2126168001525553,0.4823372770555783,0.49830434782608696
1,1e-05,4,256,0.6478133272759905,0.6456231199219138,0.6365332950631458
2,1e-05,4,256,0.6336161962878211,0.48384161324330743,0.6193282286535655
3,1e-05,4,256,0.6216281258880363,0.5983839227525666,0.5846884796238244
5,1e-05,4,256,0.45211665806673546,0.43882565984926664,0.5550201380897584
6,1e-05,4,256,0.482997234935164,0.482997234935164,0.5
1,0.0001,16,512,0.6816298458742764,0.6112338003469886,0.5656086956521739
2,0.0001,16,512,0.6025624055877119,0.4198513875157364,0.5478639240506329
3,0.0001,16,512,0.492277635691958,0.5397148553350599,0.5462820512820513
5,0.0001,16,512,0.52468610251118,0.4530971930546235,0.5881586372488271
6,0.0001,16,512,0.28577978006610727,0.4953208283034928,0.525280661907852
1,0.0001,8,1024,0.6665809010484438,0.5947943555135231,0.556585009733939
2,0.0001,8,1024,0.5752153721900659,0.4279390374137312,0.5468210586881472
3,0.0001,8,1024,0.6034944231315715,0.5584437478867883,0.5652689873417721
5,0.0001,8,1024,0.4104499914000688,0.4266705841884439,0.5469649021864211
6,0.0001,8,1024,0.3281138761759471,0.482997234935164,0.499
1,0.0001,64,128,0.5865052590448843,0.6317951141173479,0.5489130434782609
2,0.0001,64,128,0.6657418001525554,0.5660420252083603,0.7171102151743461
3,0.0001,64,128,0.44377220090934927,0.5235889102017619,0.5
5,0.0001,64,128,0.4960859563123495,0.42240561217921896,0.536025641025641
6,0.0001,64,128,0.6599526442918892,0.5245413972656796,0.5870026735326681
1,0.001,8,512,0.6350210230926847,0.5748014891249014,0.5315671641791044
2,0.001,8,512,0.5224375944122881,0.4097166348163286,0.5519994246260069
3,0.001,8,512,0.6578244884910487,0.6160474014350064,0.6328810116662037
5,0.001,8,512,0.6945508685930513,0.4197514076013874,0.532072463768116
6,0.001,8,512,0.7359943109585558,0.5162006126221769,0.5595691074198229
1,0.0001,128,1024,0.7188675479726596,0.6170621074419762,0.5660869565217391
2,0.0001,128,1024,0.5766042610789548,0.38771537219006597,0.49920886075949367
3,0.0001,128,1024,0.5074976911054276,0.5955358043235786,0.5821904388714734
5,0.0001,128,1024,0.5804856811145511,0.4956362917240475,0.6442274314843109
6,0.0001,128,1024,0.6007969425375032,0.5280301235040905,0.5709961474958722
1,0.0001,16,1024,0.7605005627346286,0.6560393300769045,0.6229177583867497
2,0.0001,16,1024,0.4859215387146468,0.45466673420531417,0.5958382107852863
3,0.0001,16,1024,0.5352346192100028,0.593654720616837,0.5809169278996865
5,0.0001,16,1024,0.4354499914000688,0.4390015995743867,0.5605221518987342
6,0.0001,16,1024,0.42498887617594716,0.4973310652229417,0.541923076923077
1,0.0001,16,128,0.5412630775040757,0.5823268382562814,0.5464925373134328
2,0.0001,16,128,0.6619684868608009,0.4418319122164495,0.5944643439877711
3,0.0001,16,128,0.6787359690252912,0.560330260358083,0.5872936382529241
5,0.0001,16,128,0.5444777691778466,0.41613550278410955,0.5226923076923077
6,0.0001,16,128,0.5266741355199593,0.5604209672859558,0.601814938684504
1,0.1,8,256,0.48566779400547405,0.6303244816122444,0.6090058403634004
2,0.1,8,256,0.4624738262963462,0.3887293241693002,0.5018656716417911
3,0.1,8,256,0.4016526356919579,0.5235889102017619,0.5
5,0.1,8,256,0.5351027691778465,0.4193612353848422,0.5292088607594937
6,0.1,8,256,0.2126168001525553,0.482997234935164,0.5
1,0.01,8,256,0.573347364308042,0.6239315774075116,0.5760652173913043
2,0.01,8,256,0.6109712687515891,0.5102909869693121,0.6853629368868458
3,0.01,8,256,0.46551133134413186,0.5327144780148703,0.5167910447761194
5,0.01,8,256,0.5205398606811146,0.4517366465310868,0.5886407349016471
6,0.01,8,256,0.5047443109585558,0.4944701370330661,0.530051282051282
1,0.1,32,1024,0.552132642721467,0.5801189391596828,0.5421194029850747
2,0.1,32,1024,0.5678437355109854,0.49100985242322237,0.6226712440930146
3,0.1,32,1024,0.4341760798522307,0.5562380620301136,0.5778451599883208
5,0.1,32,1024,0.6724748452012383,0.42551597398633534,0.5460703520617314
6,0.1,32,1024,0.44224431095855576,0.482997234935164,0.499
1,0.001,32,256,0.5791953175244164,0.621367772318691,0.5672391304347826
2,0.001,32,256,0.5809298395178056,0.44171638735710816,0.5952443183218346
3,0.001,32,256,0.2875222009093492,0.5235889102017619,0.5
5,0.001,32,256,0.7058081785345718,0.43729247081607764,0.5591196777905638
6,0.001,32,256,0.3281138761759471,0.49094282354436813,0.5054347826086957
